{
    "villes": [
        {
            "id": 1,
            "x": 1.5908538229441604,
            "y": 74.9811358644331,
            "voisins": [
                2,
                2
            ]
        },
        {
            "id": 2,
            "x": 46.93706842621004,
            "y": 31.730948767413146,
            "voisins": [
                1,
                1
            ]
        }
    ],
    "clients": [
        {
            "ville": 1,
            "charge": 10,
            "open_time": 14.387282449924914,
            "close_time": 14.993376189541317
        },
        {
            "ville": 2,
            "charge": 3,
            "open_time": 12.860607187680927,
            "close_time": 13.387377045298447
        }
    ]
}